TotalHouseArea,TotalBathrooms,HouseAge,RemodelAge,TotalPorchSF
2566,3.5,5,5,61
2524,2.5,31,31,298
2706,3.5,7,6,42
2473,2.0,91,36,307
3343,3.5,8,8,276
2158,2.5,16,14,390
3380,3.0,3,2,312
3197,3.5,36,36,667
2726,2.0,77,58,295
2068,2.0,69,58,4
2080,2.0,43,43,0
3499,4.0,1,0,168
1824,2.0,46,46,316
2988,2.0,1,0,193
2506,2.5,48,48,389
1686,1.0,78,6,160
2008,2.0,40,40,0
1296,2.0,39,39,0
2228,2.5,4,4,102
2368,1.0,51,44,0
3534,3.5,1,0,394
1745,1.0,77,57,205
3572,2.0,6,6,330
2100,2.0,31,31,210
2120,2.0,42,9,496
3166,2.0,2,2,56
1800,1.5,59,10,254
3408,3.0,3,2,50
3084,2.0,49,9,546
1040,1.0,81,58,136
1966,1.0,88,58,226
2456,1.5,42,2,65
2468,2.0,1,1,30
3098,2.0,51,51,38
3122,3.0,2,2,250
3569,3.5,2,1,145
2194,1.5,15,14,456
2594,1.5,55,19,0
2114,2.0,57,3,52
1152,2.0,53,53,0
2412,2.0,41,41,138
2678,2.0,48,48,104
1724,2.0,24,24,240
1876,2.0,33,28,145
2300,2.0,47,47,0
3504,3.0,5,5,278
3583,2.5,6,6,409
3312,2.0,1,1,146
2188,2.0,89,1,102
1910,2.0,41,41,0
2264,2.5,10,10,75
1632,1.0,72,56,112
1632,2.0,47,47,106
3684,2.5,25,19,929
1744,1.0,52,52,50
2850,2.0,44,44,407
2709,3.5,10,9,115
2580,2.5,2,2,70
4355,3.5,0,0,229
1560,1.0,36,36,196
2316,2.5,2,2,50
1641,1.0,87,11,144
2740,2.0,1,1,169
2286,2.0,89,60,87
3091,3.5,12,11,612
3616,2.5,3,2,343
4154,3.0,40,21,301
2932,3.0,4,4,173
1494,1.0,65,60,0
3591,2.0,53,53,135
4446,3.0,34,34,300
1690,2.0,25,1,0
2550,2.5,11,11,385
2172,2.0,56,7,0
2445,2.0,95,60,202
1450,2.0,36,36,221
1904,1.0,52,52,0
1957,2.0,60,7,0
3536,2.0,42,42,0
1670,1.5,99,28,202
3038,2.5,41,41,324
2574,3.0,8,8,199
3126,2.0,1,1,243
2130,1.5,47,47,74
1858,2.5,14,13,192
3705,2.5,15,14,209
2244,2.5,4,4,138
1836,2.5,0,0,234
2026,1.0,94,27,156
1980,2.0,13,12,0
1040,1.0,56,56,29
2470,1.0,45,45,0
1840,2.0,88,3,44
3505,2.5,97,9,99
2610,3.5,10,10,162
2150,2.5,16,16,295
3176,2.0,7,7,187
1920,2.0,42,42,120
1293,1.0,90,60,77
2175,2.5,51,51,352
3220,3.0,33,9,236
2473,2.5,25,25,238
1535,2.0,30,30,0
2452,2.0,1,1,36
2858,1.5,76,57,184
3045,2.5,5,4,185
1688,1.0,122,12,0
1578,1.0,60,58,0
2310,2.0,88,2,144
3688,2.0,33,33,122
2849,2.0,52,34,182
1814,2.5,10,10,180
3960,3.5,0,0,472
4068,3.0,54,54,478
3348,3.5,62,5,224
2187,2.5,8,8,32
2184,1.5,47,47,164
2250,1.5,1,0,144
4895,4.0,20,20,367
2184,2.5,1,0,24
1926,2.0,37,37,260
1855,1.0,68,57,140
2160,1.0,50,50,130
2398,2.0,15,15,63
2948,2.0,30,11,192
1040,2.0,71,24,53
2036,2.0,31,31,205
1512,1.0,77,57,0
2008,1.5,40,40,296
2061,2.0,48,15,260
3081,2.5,40,40,171
3046,3.5,9,9,72
2390,2.0,48,5,0
2563,3.0,8,7,217
3182,2.5,38,13,276
2986,2.0,38,38,98
2428,2.0,40,40,111
3866,3.0,18,17,0
2856,2.5,9,8,330
2692,3.5,12,12,375
1728,1.0,39,39,0
3468,3.0,1,1,184
2295,2.0,58,58,0
2991,3.0,10,10,173
3456,3.0,43,43,0
2679,2.0,2,0,40
1590,2.0,78,16,48
2919,2.5,9,9,192
2160,2.0,4,3,0
2240,1.0,70,56,314
1938,1.5,32,32,0
3420,3.0,1,0,102
2818,2.5,35,35,66
2854,2.0,48,33,409
2400,1.0,83,56,228
1668,1.0,84,58,136
1040,1.0,56,56,0
2742,2.5,1,0,75
2938,2.5,6,5,136
3854,3.5,1,0,539
2464,2.0,24,24,0
4240,3.5,5,4,400
3082,2.0,5,5,70
1764,1.0,51,51,0
2765,2.0,81,3,183
1999,3.0,68,9,140
3484,2.0,54,16,618
3743,2.5,0,0,298
2560,2.5,3,3,148
3393,2.5,25,25,638
1574,1.5,66,57,237
2736,2.0,50,50,272
2831,3.0,19,19,476
2724,2.5,47,47,20
3257,3.0,22,22,192
3360,3.0,57,6,68
3211,3.0,19,18,420
2972,3.0,48,48,0
4450,3.0,1,0,60
1936,1.0,84,1,184
2281,2.5,7,7,0
2595,1.5,86,56,40
1340,1.0,50,1,296
3444,2.5,5,5,518
1756,1.0,98,15,104
4143,2.5,114,13,670
2405,3.0,19,18,195
2172,2.5,93,22,140
2310,3.0,30,30,120
3186,2.5,7,6,344
3580,2.5,75,13,74
2204,2.5,35,3,32
2862,3.0,10,10,35
2679,2.0,2,2,40
1728,1.0,36,36,0
2311,2.5,33,33,87
3452,3.0,0,0,575
4080,3.5,88,16,568
2613,1.0,97,59,228
3426,3.0,5,4,196
2242,2.0,7,6,196
2475,2.5,31,31,321
1927,2.0,82,56,126
1696,2.0,4,4,149
2004,1.5,62,59,35
2866,2.0,19,19,542
2836,1.5,45,45,30
2200,2.0,48,48,355
3219,3.5,19,18,269
2184,2.0,44,44,0
1728,2.0,83,58,96
2424,2.0,1,1,122
2752,3.5,0,0,276
1980,1.5,11,11,224
2081,1.5,33,33,36
2306,1.5,49,10,0
2872,3.0,4,4,237
2014,1.0,81,56,232
2752,2.0,69,2,269
2496,2.0,1,0,108
2996,2.0,0,0,384
3277,2.5,7,7,166
2265,3.5,31,31,417
1728,1.0,38,38,216
4784,2.0,6,6,353
1932,2.5,38,38,0
3723,2.5,12,12,338
1470,1.5,38,38,0
1824,1.0,43,43,0
2928,2.0,4,3,163
2388,2.0,51,51,120
4256,3.5,14,13,348
1470,1.5,34,34,0
1788,2.0,34,34,365
2820,3.5,8,8,336
1470,1.5,37,37,0
2828,2.0,6,6,237
2740,2.5,17,7,678
3388,2.0,0,0,396
2222,1.5,65,60,140
3132,3.0,2,2,312
1552,1.0,62,10,100
1980,1.0,106,56,77
1843,1.5,29,29,28
3058,3.5,16,8,130
3717,2.5,18,18,236
2948,2.0,96,56,172
2742,1.0,52,52,30
2508,2.5,4,4,212
3588,2.5,49,1,98
2034,1.0,70,44,263
3198,3.5,1,0,276
2438,2.5,4,4,183
2604,2.5,43,16,333
2628,2.0,53,53,250
3266,2.5,7,7,192
2592,2.5,5,5,272
3208,3.5,3,3,233
2755,2.5,7,7,341
882,1.0,52,52,45
2744,2.0,47,47,252
4056,2.5,0,0,148
1718,2.0,29,11,304
1852,2.0,81,9,0
1444,1.0,83,4,0
2844,2.0,27,27,276
2313,3.5,9,9,170
2492,2.5,69,11,286
1518,1.0,68,53,25
2256,2.5,31,31,400
3034,2.5,0,0,243
2748,2.0,54,3,81
3422,2.5,11,3,189
2872,3.0,51,21,289
1632,1.0,25,25,168
2500,2.5,84,2,218
3120,2.0,7,7,250
1728,1.0,59,59,0
4242,2.5,1,0,364
3182,2.5,31,31,405
2789,2.5,18,18,280
2524,2.0,0,0,120
2628,3.0,2,1,234
2936,2.0,1,0,360
3150,3.0,15,15,52
1875,2.5,1,0,54
2646,1.5,44,25,128
1716,1.0,35,35,0
1782,1.0,43,43,0
2094,1.0,92,4,259
2998,2.5,0,0,51
2496,3.0,96,8,184
2484,1.5,60,1,160
3058,3.5,29,12,250
3060,2.0,56,56,110
2006,2.0,22,22,120
2468,1.5,57,57,289
2925,2.5,10,9,208
2445,2.5,39,39,224
2244,1.5,59,5,36
2501,2.0,53,53,0
3480,2.5,9,8,258
3082,2.0,5,4,549
1788,2.0,34,34,256
4963,3.0,128,6,302
4000,3.0,3,2,168
2943,3.5,17,16,395
1725,1.0,88,58,144
1722,1.0,69,59,158
3840,3.0,3,2,383
2198,2.5,13,12,253
1944,2.0,61,7,0
1911,2.0,67,56,271
4172,4.0,44,44,0
2369,2.0,81,16,234
2148,3.5,5,4,151
3198,3.5,29,29,483
3047,2.5,1,1,254
3993,3.5,16,16,544
2844,3.0,29,29,281
3845,3.5,0,0,394
3604,3.5,3,3,338
4232,3.5,21,20,297
2325,2.0,51,1,240
3688,2.5,43,3,240
1523,1.0,66,57,244
3438,3.5,15,15,152
2766,1.5,46,46,45
2978,2.0,93,15,328
1788,1.0,89,59,137
3456,2.5,43,43,155
2112,2.0,49,15,0
4835,3.0,6,5,0
2716,3.0,4,4,222
2581,3.5,10,10,138
3285,4.0,43,43,670
3844,3.0,2,1,229
3072,3.0,6,5,266
2829,3.0,22,8,153
2430,1.0,51,11,234
2875,2.5,8,8,135
1562,1.0,59,59,274
1040,2.0,57,56,0
3368,2.0,3,3,567
1648,1.5,34,34,182
2549,1.0,67,56,0
1916,1.0,47,9,0
2956,3.0,49,49,40
2390,3.5,5,4,27
4576,3.5,1,0,0
3738,2.0,0,0,264
2906,2.5,20,20,264
1727,1.5,67,58,48
1344,1.0,82,7,106
2535,1.0,66,6,108
2400,3.0,12,12,26
2325,3.0,17,17,146
2284,2.5,31,31,626
2414,1.5,48,48,462
3010,3.5,8,8,657
1800,2.0,29,29,192
2388,2.0,68,26,0
1922,3.0,6,6,177
1470,1.5,37,2,250
2370,3.5,30,30,417
2016,1.0,89,12,346
2788,2.5,46,46,261
2530,1.5,46,46,174
2536,1.0,56,56,98
2350,2.0,51,4,563
2617,2.5,6,6,140
1588,2.0,49,49,59
1496,2.0,26,26,443
1927,2.0,56,56,66
2775,2.5,4,3,148
1587,1.5,87,59,0
1784,1.0,10,10,0
4046,3.0,3,2,373
3712,2.5,0,0,113
2782,2.5,9,9,163
2717,2.0,86,60,242
2594,3.0,0,0,337
2736,2.5,1,1,197
1568,1.0,81,59,91
3533,3.5,15,15,447
2525,2.0,6,5,310
1842,1.0,96,10,151
2166,2.0,33,33,296
2947,2.0,9,8,145
4014,3.5,1,0,330
2228,2.0,108,58,242
2765,3.5,8,7,317
882,1.0,48,48,0
1576,1.0,65,56,0
1769,1.0,67,57,39
2288,2.0,54,54,44
1788,1.0,37,37,215
2676,2.0,45,45,168
2038,1.0,87,57,0
2642,3.0,3,2,168
2548,2.5,12,12,374
2620,2.0,1,1,0
1344,1.0,68,11,168
3404,2.5,8,8,267
2378,2.5,12,11,40
2901,3.0,33,16,198
2230,1.0,72,58,0
2520,2.0,93,32,160
3235,2.5,1,1,254
3112,3.5,1,0,102
2552,1.0,51,51,0
2112,2.0,51,51,264
2948,3.5,1,1,144
2036,1.0,83,60,130
3177,3.0,15,15,383
2680,2.0,0,0,130
2072,1.5,28,28,0
3994,3.5,89,57,0
1890,2.5,67,57,0
2112,2.0,42,42,269
2688,4.0,11,10,0
3204,2.5,32,9,240
1976,1.0,54,54,0
4100,3.5,10,10,66
2392,2.0,52,52,44
2040,1.5,63,17,126
3162,3.5,20,20,476
1814,1.0,51,51,0
2416,3.0,0,0,159
2804,3.0,21,21,169
1470,1.5,37,37,0
2099,1.0,88,10,98
2130,2.5,36,36,276
2530,2.5,11,10,36
1260,2.0,36,36,88
2460,3.5,13,13,219
1766,1.0,86,56,0
1788,1.0,83,5,105
1134,1.0,94,5,34
1880,1.0,89,9,46
5496,3.0,1,1,242
2880,2.0,53,53,0
2651,2.0,78,16,0
2516,2.0,1,0,160
2823,3.5,14,13,277
3125,1.0,53,53,0
3405,2.5,44,8,0
2816,2.5,8,7,89
2156,2.0,69,56,0
1832,1.5,59,5,176
1626,1.0,76,1,113
3066,3.0,31,31,254
2628,3.5,11,10,266
2358,2.5,1,1,30
3456,4.0,30,30,0
2484,1.5,34,34,0
1968,1.0,92,58,96
3027,2.0,54,14,361
2254,1.0,83,12,255
1912,2.0,59,59,248
2767,3.5,0,0,150
1695,2.0,73,2,256
1728,1.0,44,44,236
2375,1.5,74,13,0
2080,2.0,31,31,0
2789,2.0,2,2,164
2554,2.0,37,37,176
2372,1.5,65,12,168
3260,2.0,1,1,44
2542,2.5,15,15,214
2990,2.5,25,25,194
2777,2.5,30,30,276
1619,2.0,3,3,28
3952,3.0,1,0,313
3146,3.0,7,7,144
1940,2.0,44,44,216
2971,3.0,11,10,179
4796,2.5,1,1,498
3423,3.0,2,1,252
2038,1.0,70,7,72
3683,3.0,2,1,631
3584,3.0,3,2,255
2736,2.5,94,4,0
2432,3.0,8,8,125
1998,2.0,45,6,132
2226,1.0,59,2,200
2146,2.5,42,42,0
2968,2.0,36,36,404
3368,2.0,106,36,142
1260,2.0,39,7,0
1568,1.5,32,32,165
2384,2.0,65,56,32
2184,2.5,0,0,0
2538,1.5,48,48,0
1076,1.0,71,13,244
1440,1.0,89,59,638
6428,4.0,15,14,630
2846,3.0,83,58,100
1763,1.0,42,5,64
1824,1.5,49,22,297
1890,1.5,34,34,172
2634,2.5,3,3,108
2428,2.0,42,42,184
3302,3.0,51,13,215
2177,3.0,35,35,260
2920,2.0,57,57,0
2688,2.5,13,12,263
2436,2.0,0,0,102
2067,2.0,80,3,116
2082,2.0,50,50,312
2371,2.0,58,9,534
2736,2.0,1,0,167
1728,2.0,48,48,0
2164,1.5,24,24,278
1557,1.0,81,57,112
4026,3.5,0,0,210
2808,2.5,37,37,104
3608,2.5,13,12,220
2590,3.5,9,9,36
3356,1.5,83,5,145
1294,2.0,108,8,544
2488,1.5,50,50,40
2668,2.0,59,56,60
7814,4.5,0,-1,614
3777,3.5,11,10,299
2523,2.0,1,1,182
1856,1.0,51,7,417
4165,3.5,0,0,192
1133,2.0,87,5,144
4550,4.0,50,32,200
2970,3.0,20,19,224
1973,2.0,88,9,84
827,1.0,55,3,0
334,1.0,61,57,0
2121,2.5,2,2,135
2464,2.0,98,17,233
2604,2.5,10,9,275
1728,1.0,36,36,216
2210,1.5,38,38,466
3182,3.0,9,8,180
3676,3.0,3,3,338
3254,2.5,7,7,56
3330,3.0,11,10,151
1490,2.0,9,9,160
2150,3.5,0,0,124
3387,2.5,18,18,0
2700,1.5,84,57,182
1536,2.0,37,37,104
1650,2.0,53,13,190
3006,2.5,6,5,364
2138,2.0,31,31,255
1856,1.0,51,51,0
3426,2.0,3,3,208
1126,2.0,60,6,96
3044,3.5,5,4,382
2041,1.0,84,56,116
2184,2.0,49,49,390
1973,1.5,86,56,167
2175,3.0,12,11,286
2931,2.0,3,2,163
2784,2.5,53,14,95
2778,2.0,32,31,278
1992,2.0,68,39,144
2837,2.0,90,58,252
3390,3.5,14,6,40
2453,2.5,95,60,202
3626,2.5,3,1,183
3052,2.0,6,6,0
3628,2.5,26,0,389
1886,2.0,27,27,42
3456,2.0,43,43,0
1728,2.0,47,47,168
2538,2.5,0,0,322
1814,2.5,7,7,100
1481,1.5,36,2,35
2048,1.0,61,58,260
2338,2.5,81,59,50
2484,2.0,40,40,468
2081,2.0,1,1,102
2845,2.0,54,54,0
2573,1.5,47,20,326
4084,2.5,1,0,90
1632,2.0,17,17,32
4012,3.5,115,8,607
2457,1.0,74,14,174
3896,3.0,1,0,392
1654,2.0,90,8,112
1700,2.0,27,27,0
2910,3.0,41,6,108
1521,1.0,78,48,0
2352,2.5,4,4,45
4018,3.5,1,1,656
1632,2.0,26,5,0
1696,2.0,6,6,140
1848,1.0,33,33,0
3640,3.0,1,0,375
2052,1.0,96,13,158
2660,2.0,1,0,136
3077,3.0,29,29,0
2272,3.5,28,28,161
2962,3.5,1,1,239
2155,1.5,70,57,288
2823,3.5,14,14,270
1800,2.5,6,5,172
2988,3.0,6,6,228
2754,2.5,44,19,231
2080,2.0,13,13,168
2904,4.0,58,4,103
4159,2.5,73,9,0
2058,2.0,46,46,103
3593,3.5,9,9,395
2064,2.5,29,29,0
3171,3.5,8,8,282
2240,1.0,0,0,30
1260,2.0,38,38,120
1990,2.0,47,47,120
2292,3.5,4,3,175
1664,1.0,54,54,0
3650,2.0,0,0,368
3744,3.5,5,5,168
1728,2.0,94,58,100
4136,2.5,34,11,281
1960,1.0,32,32,192
2268,2.5,7,7,32
2522,3.0,34,34,295
2232,1.5,48,48,385
2400,1.0,47,29,36
2676,2.0,55,38,189
3120,2.5,38,38,335
2598,2.5,44,44,176
2386,1.0,126,15,293
3108,2.0,1,1,229
2797,2.0,32,32,192
2112,1.5,53,2,390
2112,2.0,30,30,320
4320,2.0,93,12,110
1064,1.0,73,59,0
2198,2.0,55,55,0
1592,1.0,98,58,492
3087,3.0,0,0,312
3036,1.5,5,4,325
2986,3.5,6,6,235
4656,3.5,37,14,380
2400,2.5,38,38,208
3532,3.5,0,0,325
1962,2.5,36,36,352
1048,1.0,58,58,27
2188,1.0,55,55,287
2595,1.5,44,44,340
1260,2.0,37,37,0
2478,2.5,1,1,0
2265,2.0,69,59,120
2596,2.5,13,13,120
2225,1.0,102,13,296
4222,3.5,13,13,282
1617,1.5,39,39,0
2106,2.5,49,2,0
2278,1.5,77,8,112
2370,1.5,62,60,192
2972,2.0,45,10,0
2728,2.5,31,31,365
4077,3.5,15,4,593
2784,2.0,41,41,240
2319,3.0,36,36,180
4174,2.5,1,0,459
3342,2.5,6,6,312
3401,2.5,42,28,265
3087,3.0,14,10,266
2625,2.5,50,19,304
1880,1.0,84,56,67
2214,3.5,4,4,135
2041,3.0,84,59,147
2416,2.5,29,29,240
3316,3.0,50,3,287
2272,2.0,43,43,426
2296,2.5,31,31,28
2869,3.0,106,56,90
1560,1.0,85,3,436
4092,2.5,1,1,404
1976,2.0,46,46,0
1846,2.0,30,30,80
2313,1.0,77,9,56
2582,2.0,12,11,307
3294,3.0,5,5,302
3034,2.5,12,12,81
3280,3.0,23,23,219
2635,3.0,0,0,249
1653,2.5,3,3,60
2838,3.0,0,0,140
2724,2.0,2,1,220
1696,2.0,4,4,149
6760,4.0,13,12,432
3729,3.5,17,16,347
2146,1.0,85,38,112
2466,1.5,73,59,112
2249,3.0,19,19,125
1232,1.0,85,56,129
2128,1.5,54,54,0
1788,2.0,45,1,560
2782,2.0,4,4,314
3600,3.0,4,4,348
2328,1.5,37,37,0
3810,2.5,0,0,424
2172,2.0,110,14,384
2957,3.0,6,5,179
1092,2.0,80,60,0
3467,3.0,36,5,428
2648,3.0,3,3,230
2184,2.5,0,0,124
1780,1.0,42,42,0
999,1.0,73,5,0
2037,1.0,110,60,166
2456,3.0,20,19,288
1920,2.0,36,36,288
2204,2.5,34,5,44
2414,2.0,35,35,0
3272,1.5,117,9,191
2354,2.0,35,8,224
3729,3.5,15,14,620
1942,1.5,37,37,0
3484,3.0,21,21,376
1696,2.0,6,6,160
1728,1.0,39,39,0
2411,2.0,54,36,156
3396,3.0,2,1,391
1728,1.0,39,39,96
2560,3.0,21,2,518
2464,3.0,2,2,132
3360,3.0,51,51,25
1628,1.0,84,59,135
3211,3.0,15,14,389
2014,3.0,4,4,182
3184,2.5,10,9,276
2008,2.0,48,26,165
1896,1.0,39,39,147
2648,1.5,92,36,341
1040,2.0,56,56,0
2694,2.5,1,1,116
2400,6.0,22,21,120
2592,2.5,5,5,243
1696,2.0,97,5,382
1824,2.5,47,12,168
2698,2.0,7,6,175
1984,2.5,46,10,402
2674,3.0,15,15,334
3857,4.0,32,12,204
3208,2.5,9,9,278
3880,1.5,129,6,567
3440,3.0,14,14,450
1529,2.0,64,59,277
1716,1.0,100,6,160
1980,2.5,4,4,48
2973,3.0,9,9,195
3128,2.5,1,1,244
2052,2.0,40,4,219
2200,2.5,10,10,24
2634,2.5,2,2,249
2058,2.5,32,32,335
2245,2.5,9,9,0
3849,2.5,12,12,320
1728,1.0,50,50,0
2446,1.0,85,59,0
2303,2.5,1,1,214
3617,3.5,10,10,308
2988,2.5,11,10,246
3004,2.0,0,0,174
2694,2.5,22,22,450
2733,3.0,68,23,401
3696,2.0,2,1,153
4929,4.5,7,7,749
1716,2.0,27,27,120
2056,1.0,55,55,0
2146,2.0,34,34,144
1824,1.0,49,49,0
3908,2.0,1,1,360
2408,3.0,11,11,247
3228,2.0,1,0,203
1758,2.0,32,32,241
2020,2.0,30,30,0
1979,2.0,29,29,0
2490,2.0,12,11,241
2364,2.5,14,14,124
2843,2.0,8,7,33
2207,2.0,31,31,333
2226,2.0,94,7,425
2714,2.0,42,42,197
2338,3.0,95,60,196
3040,3.5,6,6,45
1802,1.0,54,8,0
2919,2.5,41,0,301
2290,2.0,4,3,116
2091,2.0,31,31,120
3130,3.5,11,10,310
2992,2.0,0,0,298
2607,2.5,14,12,189
2214,2.5,30,29,254
1945,1.5,30,30,138
1546,1.0,55,55,0
5066,3.5,1,0,222
2499,2.5,70,57,264
2304,3.5,11,11,702
2392,2.0,91,17,0
2184,3.5,3,3,54
4556,3.5,1,0,414
2064,1.0,52,52,0
2845,2.0,0,0,60
1960,2.0,39,39,68
2900,3.5,86,5,312
2110,2.0,40,40,0
2987,2.0,111,44,196
2349,2.5,32,7,265
1696,2.0,4,4,140
1584,1.0,58,58,0
2884,1.5,49,49,275
1936,2.0,88,56,303
3310,2.0,12,12,34
2016,1.0,52,52,120
3257,3.0,6,6,209
2062,2.0,39,39,0
2716,3.0,1,0,227
2438,2.5,5,5,45
1872,1.0,56,56,144
2580,2.5,4,4,148
2267,2.0,69,59,335
2978,2.0,0,0,140
4162,3.0,1,0,233
1568,2.0,84,58,116
2888,2.0,8,8,329
3139,3.0,42,42,711
1743,2.5,1,1,166
2784,2.5,51,51,192
1720,2.5,1,1,166
2770,3.5,7,7,231
3032,1.5,45,45,152
2288,2.0,47,47,0
2134,2.0,60,15,290
3118,2.0,59,34,346
1470,2.5,35,35,0
2198,1.5,13,2,278
1968,1.0,62,13,0
2154,2.0,83,58,254
2189,2.0,104,6,216
2292,2.5,42,42,129
3600,2.0,46,46,0
2292,1.5,93,58,612
3091,3.0,32,26,0
2515,3.5,16,16,498
1728,2.0,37,37,0
3265,3.0,100,11,701
2383,2.5,31,13,213
1696,2.0,4,4,140
2729,2.0,3,3,163
2564,2.0,66,57,126
2572,1.5,45,45,180
3542,2.5,51,32,730
2080,2.5,48,0,104
1966,2.0,30,30,34
2183,2.5,15,14,36
2460,2.0,33,33,0
3708,3.5,38,22,287
2338,1.5,89,9,240
2078,2.5,45,45,0
2137,2.0,26,25,0
2296,2.0,50,50,0
2744,2.0,1,0,140
2004,2.0,39,39,0
3284,2.0,1,0,272
2160,2.5,46,46,168
2267,2.0,58,56,264
2999,3.5,17,16,246
1788,1.0,47,47,0
2486,2.5,12,12,77
1015,1.0,55,12,346
1868,1.0,60,59,28
1807,1.5,68,59,26
3794,2.5,0,0,572
2104,2.0,44,44,0
3686,3.5,5,4,184
2264,2.0,49,15,192
1728,2.0,31,4,0
2180,2.5,2,1,49
2873,2.5,17,16,204
2401,2.5,17,16,382
2544,2.0,94,56,188
1784,1.0,42,42,0
3407,3.0,9,8,162
3338,2.0,47,1,326
2209,1.5,53,53,386
4434,3.0,37,37,512
3010,2.0,56,56,162
1596,1.0,58,1,0
2601,2.5,31,31,243
2127,1.5,43,3,192
2766,2.0,54,54,627
1535,2.0,30,30,0
2576,2.5,45,45,50
1902,1.0,70,56,28
2240,2.0,30,30,154
4694,3.5,1,0,67
2148,1.0,45,12,0
1716,1.0,36,36,0
2298,2.0,52,9,0
2292,2.5,3,3,75
3340,2.0,0,0,204
1778,1.0,40,40,0
2119,2.0,56,56,164
3259,3.0,1,1,60
3074,1.5,70,19,322
1766,2.0,23,23,164
2226,2.5,4,4,60
3379,2.0,50,50,0
2536,1.5,32,20,173
1783,1.0,81,56,232
3003,2.0,58,57,0
1836,2.5,0,0,234
1638,1.5,37,37,0
960,1.0,57,56,0
2363,1.0,53,53,0
3231,3.5,16,16,488
2598,2.0,50,6,241
2649,3.0,13,13,387
3472,5.0,108,5,70
2632,2.0,1,0,123
3221,3.0,15,14,69
3372,3.0,26,26,515
2252,2.5,31,31,180
3555,2.5,4,3,204
2810,2.5,40,40,43
3541,2.0,8,8,353
3200,2.5,9,9,0
2932,2.0,2,2,118
1850,1.5,44,44,0
3810,2.0,1,1,191
3000,2.0,5,5,228
2654,3.0,48,1,0
1347,1.0,80,53,32
2376,3.0,6,6,41
3084,2.5,4,4,48
3353,2.5,0,0,90
3435,2.0,70,60,374
3456,2.0,30,30,40
3052,3.5,10,10,168
2880,4.0,30,30,321
3264,2.0,40,40,0
2163,1.5,51,51,351
2837,1.0,119,13,292
2288,2.0,47,47,86
3245,3.0,5,4,252
2712,2.5,4,4,240
2542,2.5,38,4,0
1728,2.0,57,5,194
1793,2.0,41,41,421
1536,1.5,37,6,192
2752,3.0,39,39,494
1925,3.0,31,31,0
2937,2.0,61,57,0
1790,1.5,29,29,150
2114,1.0,45,45,0
2674,3.0,4,4,39
2112,3.5,11,11,44
1716,2.0,52,2,117
4202,3.5,31,13,832
2352,3.5,31,31,48
3600,2.0,2,2,424
2711,3.5,8,7,40
2267,2.5,2,0,72
2036,2.5,69,59,70
2196,2.0,53,53,0
1568,1.0,99,59,0
1683,2.0,48,48,0
1912,1.5,57,56,0
2390,2.0,6,5,27
1836,2.0,31,31,28
2856,2.0,1,0,120
2747,1.0,99,16,644
2055,3.5,6,6,203
1309,1.0,83,48,0
2482,2.5,1,0,116
1788,1.0,53,53,0
2242,2.0,46,46,80
1943,2.0,47,1,220
3837,3.5,11,10,250
2532,2.0,1,1,116
3418,2.5,6,6,0
1734,2.0,32,32,0
2328,2.0,58,58,48
2120,1.0,96,3,394
3870,3.5,1,0,263
2878,2.5,31,31,224
2346,2.5,0,0,50
3788,3.5,9,8,70
2658,1.5,127,23,169
2673,2.5,43,14,281
2250,2.5,1,0,35
3418,3.0,3,2,264
1977,2.5,60,56,120
2100,2.0,45,45,319
2884,2.0,39,39,371
2084,1.0,84,56,148
2395,3.0,4,4,166
944,1.0,57,57,0
1382,1.0,87,57,114
3148,2.0,2,2,248
3360,2.0,31,31,0
2850,2.0,4,3,156
1970,2.0,31,31,210
3314,2.5,37,37,147
1638,1.5,39,39,238
3420,2.0,5,4,328
2016,2.0,80,56,138
1991,2.0,60,58,108
1664,2.0,45,45,0
2104,1.5,84,11,261
2044,2.0,99,3,256
2164,1.0,59,57,130
2475,3.5,8,8,45
3008,3.0,13,13,181
2580,2.0,25,25,63
1856,2.5,16,15,164
2868,2.0,1,1,162
2264,2.5,3,3,316
2419,3.0,0,0,159
2160,1.0,77,57,192
2850,2.0,3,2,176
4463,3.0,32,32,246
1764,2.0,35,35,96
2532,2.0,50,50,143
3284,3.0,1,0,236
2144,2.0,66,57,0
1890,2.0,34,34,28
2614,2.0,90,11,228
3509,3.5,89,39,199
3858,3.5,13,13,264
3308,3.0,4,4,136
1874,1.0,69,57,0
845,1.0,52,52,186
3240,3.0,2,1,228
3318,2.5,7,6,234
1890,1.5,39,1,0
1260,2.0,39,39,0
2937,3.0,49,6,0
2432,2.0,42,8,40
2612,3.0,4,4,233
3804,3.5,18,18,313
5048,3.5,28,28,594
1733,2.0,54,54,0
4860,3.5,1,0,322
1980,1.5,14,13,0
1771,1.0,49,3,0
930,1.0,64,4,0
2604,2.0,0,0,22
2632,2.0,0,0,20
2793,2.0,43,29,52
2742,1.0,53,8,194
3054,3.5,4,4,259
2716,2.5,32,32,189
2728,3.0,1,1,228
2823,2.5,15,15,266
3288,3.5,1,1,102
2845,1.5,75,57,19
2676,3.0,9,9,170
1788,1.0,73,58,20
2999,2.0,107,57,57
2206,1.0,81,26,286
2308,1.5,43,43,58
3566,3.5,14,13,340
2370,2.5,16,15,40
2391,2.5,44,44,645
3463,3.5,33,33,748
1738,1.5,58,4,0
2096,2.0,51,51,212
2283,1.5,41,41,0
2266,2.5,58,56,0
2116,1.5,32,32,252
2480,2.0,1,1,233
2540,1.5,67,23,0
2262,2.5,70,17,457
2192,2.0,37,37,272
1696,2.0,2,2,140
1980,1.0,13,13,64
2516,2.5,37,4,271
2080,2.5,47,47,220
2918,2.0,5,5,231
2502,2.0,42,42,116
2189,2.5,11,10,359
1932,2.0,18,18,120
1638,1.5,37,37,216
3035,2.5,4,3,210
2679,2.0,2,2,40
2494,2.5,1,1,84
1040,2.0,59,59,0
1852,3.5,9,8,48
2875,2.0,83,58,470
2064,2.5,41,8,64
1872,2.0,54,10,240
2628,2.0,1,1,22
2039,1.5,93,1,251
2162,1.5,21,21,211
1996,1.0,73,59,0
2872,2.0,31,31,0
728,1.0,89,59,0
1900,1.0,36,36,0
2144,1.0,47,5,16
1849,1.5,47,47,192
1932,2.5,37,37,0
4085,3.5,16,15,218
2352,3.0,17,16,244
2889,2.5,0,0,100
2614,2.5,7,7,148
3672,3.0,5,4,310
2431,3.5,13,12,308
2767,2.5,32,32,69
1632,2.0,49,49,0
2016,2.0,54,1,18
1666,1.0,52,6,0
3468,3.0,0,0,0
1827,3.5,7,7,120
1788,2.0,41,5,0
2134,1.5,50,21,314
2080,1.0,47,47,392
2024,1.0,87,57,134
3104,2.0,1,0,164
1632,1.0,53,53,224
1396,1.5,62,1,200
1866,2.5,15,15,125
2010,1.0,54,54,0
2928,2.0,2,2,163
3060,3.0,3,3,180
2806,2.5,3,2,148
1872,2.0,27,27,49
3103,3.0,81,59,475
1948,1.0,16,15,28
3218,2.0,127,57,48
3148,2.5,14,14,155
2516,2.5,10,10,138
1946,1.0,81,57,128
2284,1.0,58,58,96
1800,1.0,135,14,176
3134,3.0,32,32,296
2082,1.0,87,57,342
1904,2.0,57,57,0
2648,3.5,33,33,544
4294,4.0,1,0,269
2012,1.0,49,49,24
1596,2.0,69,60,0
2618,1.0,78,56,0
2596,3.0,21,21,191
2268,1.5,68,59,0
1683,1.0,82,58,176
2132,1.5,89,21,0
1864,1.0,57,57,214
2932,1.5,47,47,240
2884,1.0,50,2,280
1632,1.0,78,1,96
2684,2.0,43,20,417
2874,3.0,31,3,201
2484,2.5,43,9,188
2628,3.0,2,1,234
3160,2.0,1,0,24
2777,2.5,34,34,69
2311,2.5,32,32,26
2936,2.0,54,2,324
1788,1.0,39,39,0
2456,3.0,39,39,120
2792,2.5,29,29,348
3004,2.0,0,0,114
3388,2.0,2,2,193
2630,3.5,6,6,38
3235,2.0,73,22,90
5557,4.5,11,10,437
2214,2.0,31,31,203
2522,2.0,50,50,288
1875,2.5,2,1,54
4205,3.0,61,13,122
3297,2.5,74,56,0
4555,2.5,15,7,33
1799,2.0,24,23,362
2042,1.0,83,5,116
2074,1.5,88,59,294
1124,1.0,52,52,226
3730,2.5,16,15,0
3252,3.5,0,0,368
6872,4.5,11,11,249
2250,2.0,86,56,229
3144,2.5,44,44,526
2005,2.0,82,56,236
2677,3.0,109,39,74
3248,3.0,12,11,306
2491,2.5,7,7,212
2798,2.5,11,11,200
2871,2.0,46,32,439
2217,2.5,8,7,206
2174,1.0,82,13,84
2448,3.0,10,10,304
2015,1.5,41,41,415
2184,2.5,3,3,124
2742,2.5,0,0,117
2505,1.0,90,56,330
2424,2.0,8,8,356
2433,1.5,43,27,82
1728,1.0,36,36,0
2645,2.5,11,11,234
2232,2.0,84,12,208
3260,2.0,9,8,308
2130,2.5,31,31,88
4354,2.0,19,18,154
2112,2.0,40,40,42
3382,3.0,3,3,215
2214,2.0,46,28,0
3320,3.0,0,0,372
2900,2.5,18,18,739
2311,2.0,22,5,337
1344,2.0,68,59,113
1608,1.5,41,5,88
1924,2.0,44,44,222
1788,1.0,41,41,0
1902,2.0,32,32,0
2614,3.0,0,0,247
912,1.0,59,56,0
1890,1.5,35,35,201
1824,1.0,42,42,0
2163,1.0,40,40,63
2886,2.0,58,57,0
4272,2.0,55,55,30
2278,3.5,4,3,175
1726,1.5,49,49,224
2827,2.5,1,1,118
1824,2.0,43,0,240
3404,2.5,0,0,296
2582,2.0,48,48,0
3981,3.0,30,30,324
2296,2.0,44,44,18
1224,2.0,45,45,0
2376,2.0,51,51,0
2904,1.5,97,58,192
2531,1.5,92,56,243
2390,2.5,7,7,27
2795,2.5,2,1,148
2282,1.5,1,1,0
2960,2.0,1,1,153
2652,3.5,5,5,63
3378,2.0,0,0,56
2226,3.0,36,36,120
4152,3.5,0,0,445
2309,1.0,77,56,0
2453,3.5,23,4,527
2309,2.5,1,0,45
2046,2.0,34,34,0
2793,1.5,91,58,259
1864,1.0,57,57,80
4220,3.5,42,42,0
2810,2.0,3,3,184
1738,2.0,41,41,33
3359,3.5,33,4,267
2402,2.5,5,4,306
2251,1.0,76,57,120
3973,3.0,14,14,298
1728,1.0,87,59,96
2022,3.0,3,3,212
2108,2.5,39,39,260
2516,2.5,10,10,103
2100,1.0,53,53,0
2892,2.0,52,20,120
2588,1.0,88,57,126
2742,3.0,10,9,212
2143,3.5,7,7,34
2814,1.5,97,57,264
4020,2.0,2,1,220
4175,3.5,73,11,326
2398,1.5,49,49,0
2856,2.5,31,31,268
2978,2.0,41,41,0
1870,2.0,41,41,180
2376,2.0,49,2,163
1911,2.0,97,4,323
2848,2.0,59,57,0
2118,2.0,37,37,410
3404,2.5,42,33,0
3159,3.5,6,6,211
1826,1.0,90,60,194
3146,3.0,7,7,72
2648,3.0,16,16,148
2080,2.0,32,1,288
2736,3.0,39,39,128
3251,2.0,91,20,430
2192,1.0,70,59,45
2656,2.5,47,47,26
3206,2.5,42,42,366
3160,3.0,9,9,271
3055,2.5,0,0,251
2304,2.0,46,46,227
1932,2.5,37,37,185
3366,2.0,117,44,287
2496,2.5,30,30,287
1728,2.0,51,16,0
2104,2.5,38,38,356
2248,3.0,45,45,335
1619,3.0,1,0,44
11752,4.5,0,0,506
2492,2.5,51,16,218
2961,2.5,10,10,0
2265,1.0,67,59,224
3691,3.5,12,12,387
3232,2.0,1,1,267
2684,2.0,2,2,40
3304,3.0,3,2,506
2736,2.0,1,0,167
1980,2.0,15,14,64
2046,2.0,60,3,36
2572,3.0,17,17,163
3804,3.0,51,8,369
2548,3.0,2,0,362
4263,2.5,17,17,500
3992,2.5,11,11,698
1896,2.0,53,53,36
3064,2.5,39,39,280
3252,3.0,1,1,214
2704,2.0,1,0,241
3540,2.0,5,4,348
1812,1.0,53,53,0
2956,2.5,52,52,330
720,1.0,59,58,0
2673,3.5,18,18,279
1128,1.0,69,59,164
3590,2.0,1,0,49
1592,1.0,86,58,100
1318,1.0,76,1,286
1632,1.5,26,0,0
4302,2.0,88,58,1027
2567,2.5,8,8,28
3176,2.0,1,1,189
1865,1.0,30,30,0
1632,2.0,71,51,0
2163,1.5,68,11,255
2130,1.5,39,39,36
2684,2.5,32,32,16
3312,2.0,35,35,211
1386,1.0,65,56,20
2777,3.5,4,4,237
1728,1.0,34,34,0
1730,1.0,36,36,0
2228,2.0,5,4,78
3453,2.5,5,5,279
2809,1.5,81,59,0
2184,2.5,1,1,0
1920,1.0,87,57,168
3724,2.0,38,3,370
3508,3.0,1,0,0
2976,3.0,9,9,427
2837,2.0,136,21,74
3882,4.5,40,40,0
2574,1.5,46,46,204
1874,1.0,72,9,210
5271,3.5,15,14,369
2857,3.5,8,8,184
2490,3.0,38,14,98
1756,1.0,42,42,0
2156,2.5,39,2,0
2329,2.5,10,10,32
3960,3.0,2,1,239
3213,3.5,87,10,484
3060,3.0,4,4,204
2453,2.0,89,2,55
2028,2.5,1,0,36
1720,2.5,1,1,166
2488,3.5,10,10,96
2663,3.5,9,9,88
2232,2.0,29,29,130
1696,2.0,6,5,140
3325,3.0,7,7,262
2214,1.0,89,59,198
2653,2.0,53,12,206
3205,3.5,8,8,423
5266,3.5,6,5,454
2984,2.5,3,3,364
3142,2.0,0,0,136
1558,1.0,78,58,141
2588,2.0,68,49,68
1470,1.5,33,33,72
1778,2.5,2,1,100
1728,2.0,96,60,96
3322,2.5,38,38,42
2358,2.5,86,56,257
2232,2.0,89,0,112
1818,1.0,70,59,0
1950,2.0,88,3,96
4176,4.5,28,28,552
3240,2.0,91,57,103
3492,3.0,3,2,240
1953,1.5,66,57,0
3050,3.0,6,6,255
3168,2.0,42,42,152
1764,2.0,39,39,319
2394,2.0,103,8,237
2856,3.0,0,0,181
3576,2.5,2,1,183
2434,2.0,62,60,50
2452,1.5,87,3,174
3112,2.5,59,27,168
2584,2.5,84,19,163
2020,1.0,79,58,112
2432,3.5,4,4,175
2580,2.0,0,0,223
2949,3.0,0,0,328
1886,1.0,91,56,376
3240,3.5,4,3,336
1536,2.0,37,2,58
1666,2.0,24,24,0
1985,1.0,100,60,168
2884,2.5,22,17,427
2784,3.5,8,8,45
2524,1.5,59,4,0
1040,2.0,60,59,0
3688,3.0,4,3,209
2681,1.5,85,8,220
2955,2.5,2,2,163
3067,2.0,125,60,114
3734,3.5,11,11,126
2288,2.5,45,45,88
3688,3.0,37,37,289
2124,2.5,38,38,288
2138,2.0,33,33,220
1696,2.0,5,5,140
2898,2.0,40,40,822
2368,2.0,49,24,344
2504,1.0,49,49,39
3350,3.5,14,14,303
2471,2.5,63,58,0
1592,2.0,70,18,154
2880,2.0,26,26,99
2570,2.5,1,1,140
1916,2.0,33,33,60
1624,2.0,80,0,0
2728,3.5,8,8,0
2252,3.0,29,29,336
2856,2.5,46,3,36
1728,1.0,36,36,0
3864,3.0,0,0,370
2148,2.0,53,14,316
2264,2.5,28,28,304
2759,2.0,86,14,431
1696,2.0,4,4,149
3024,3.5,1,1,220
1904,1.0,93,59,138
2844,2.0,3,3,252
1727,2.0,41,41,252
2376,1.0,48,48,300
3310,3.5,12,11,65
1906,1.5,97,7,192
1260,2.0,36,36,0
2688,3.0,35,35,77
3151,2.0,1,0,36
1619,2.0,1,1,28
2280,1.0,0,0,92
2442,3.0,5,4,113
2600,2.5,8,7,40
3615,3.0,32,22,349
3492,2.0,69,4,60
2156,2.0,60,14,478
2512,2.5,43,43,804
