Feature,VIF
PoolQC_None,27975.551254427923
MiscFeature_None,15145.973819331684
RoofMatl_CompShg,7995.482136449935
GarageCond_TA,2509.5740371256425
GarageQual_TA,2211.93225190685
Heating_GasA,1738.1580627334865
Condition2_Norm,1140.2915578172995
TotalHouseArea,1008.5807643217383
ExterCond_TA,729.1411589025595
RoofStyle_Gable,726.633495966915
MiscFeature_Shed,485.05221388570834
Street_Pave,406.41548645677506
MSZoning_RL,230.82748098602102
RoofStyle_Hip,183.69319137216647
Exterior1st_VinylSd,173.30985181218404
PoolArea,163.47265838655363
Exterior2nd_VinylSd,160.96233515992395
GarageType_Attchd,147.81185665147473
Functional_Typ,144.2319837173052
BsmtFinType2_Unf,137.20071068622426
Exterior1st_MetalSd,89.32158413496725
Exterior2nd_MetalSd,83.67334694943469
ExterCond_Gd,83.61854499143077
GarageQual_Fa,82.87349687567934
Exterior1st_HdBoard,70.6383826116591
RoofMatl_Tar&Grv,70.55063408865291
GarageCond_Fa,67.76274235005377
GarageType_Detchd,65.50842582440401
Exterior2nd_HdBoard,62.19930232303969
Exterior1st_Wd Sdng,60.018402220439164
SaleType_New,55.78538276438858
Exterior2nd_Wd Sdng,54.80437836457804
SaleCondition_Partial,53.06104850375433
FireplaceQu_None,51.84899668971721
ExterQual_TA,49.318509790777014
Alley_None,47.20349193865206
BsmtCond_TA,45.44572419832057
BsmtFinSF1,43.31378418024156
SaleType_WD,42.8832811865062
Exterior1st_CemntBd,42.656634600286296
Condition1_Norm,41.62226337962712
Exterior2nd_CmentBd,40.70072067780759
Exterior2nd_Plywood,40.23472112452894
BsmtUnfSF,40.222377562992484
CentralAir_Y,39.56091545642643
MSZoning_RM,38.62436893024351
GrLivArea,37.771641005543664
TotalBathrooms,37.589940537650406
HouseAge,35.822746887814674
LandContour_Lvl,34.87428176255027
MSSubClass,34.76384710152166
RoofMatl_WdShngl,34.224931559190466
Exterior1st_Plywood,33.443421459195974
PavedDrive_Y,31.347220423831264
Fence_None,30.674078549459495
RoofMatl_WdShake,29.92290071299309
Neighborhood_NAmes,28.085283926877327
GarageQual_Gd,25.373736120802363
BsmtFinType2_None,24.711633068812212
BsmtExposure_None,23.522315111733874
Heating_GasW,23.457884344046274
Electrical_SBrkr,22.592011806148378
KitchenQual_TA,22.08195248680587
ExterQual_Gd,21.393192637915206
BsmtQual_TA,21.183261491766313
HouseStyle_1Story,20.867664369340062
FireplaceQu_Gd,20.865044425929796
Neighborhood_OldTown,20.857253000514937
SaleCondition_Normal,19.538179066097232
MiscFeature_Othr,19.289984786337126
GarageCond_Gd,19.016651721537208
MasVnrType_BrkFace,18.7164573818051
FireplaceQu_TA,18.55851865431965
BldgType_TwnhsE,18.03160175979543
MSZoning_FV,18.013259457496304
ExterCond_Fa,17.646605746714787
GarageType_BuiltIn,16.602418045386365
Neighborhood_CollgCr,16.440755568266397
MiscVal,16.01291990866013
GarageCond_Po,15.96438889517293
Exterior1st_BrkFace,15.356418682540202
MasVnrArea,14.931242563416621
Foundation_PConc,14.592316916743789
Neighborhood_Somerst,14.050953246301882
KitchenQual_Gd,13.869446394769563
BsmtQual_Gd,13.16980001831219
Neighborhood_Edwards,12.992515862015276
Foundation_CBlock,12.23307947294566
Exterior2nd_Wd Shng,11.46567065021473
Neighborhood_BrkSide,10.351004225616496
Heating_Grav,10.313470679899053
Neighborhood_Sawyer,10.005964611591356
Neighborhood_NWAmes,9.665882985515033
Neighborhood_Gilbert,9.62490092135596
Exterior1st_Stucco,9.48476756697091
BldgType_2fmCon,9.46742590185401
Exterior2nd_Stucco,9.374364553516902
BsmtFinSF2,9.355137509419466
HouseStyle_2Story,9.030581673795556
Neighborhood_NridgHt,8.995551554411064
BsmtExposure_No,8.895380163070378
Exterior1st_WdShing,8.822929856145558
BldgType_Twnhs,8.570781229422456
GarageQual_Po,8.50669600480975
Neighborhood_IDOTRR,8.487537650595394
RoofStyle_Gambrel,8.465069746591691
Exterior2nd_BrkFace,8.455823682376256
MiscFeature_TenC,8.428343713967134
RemodelAge,8.384067177312717
GarageCars,8.173357654866303
RoofMatl_Membran,7.792058400959416
GarageArea,7.761298692104499
PoolQC_Gd,7.694343535695064
Fireplaces,7.672279966296492
Neighborhood_Crawfor,7.599967846362075
RoofMatl_Metal,7.544301871444696
Neighborhood_SawyerW,7.404263281604871
BsmtFinType1_Unf,7.064506244660776
TotRmsAbvGrd,6.798269076140605
RoofMatl_Roll,6.7845304214960995
GarageFinish_Unf,6.7773333542164265
Neighborhood_Mitchel,6.716179399893129
Heating_Wall,6.634518826212151
LotConfig_Inside,6.534431008791342
MasVnrType_Stone,6.484690616099017
Condition2_Feedr,6.365166880979321
GarageYrBlt,6.130634612236399
PoolQC_Fa,6.118853832352321
RoofStyle_Mansard,6.0851883893433305
Condition2_RRAe,6.025525568822505
TotalPorchSF,6.014783626368127
Neighborhood_NoRidge,5.9556761435331405
OverallQual,5.687129388667753
LotArea,5.6782795259363805
Exterior2nd_Brk Cmn,5.555012107723119
BldgType_Duplex,5.552764661721507
BsmtFinType2_Rec,5.25213442946792
Neighborhood_Timber,5.1906841690379375
BsmtFinType1_GLQ,5.083425286147879
Fence_MnPrv,4.899700413133954
Neighborhood_ClearCr,4.860976978065317
BsmtFinType2_LwQ,4.848849994596705
Functional_Min2,4.802838562414883
Neighborhood_SWISU,4.720164798520328
GarageType_Basment,4.690781048201346
LotShape_Reg,4.626783239738678
Foundation_Slab,4.564190730620702
RoofStyle_Shed,4.485884395721006
Functional_Min1,4.450719334611689
KitchenAbvGr,4.4255720774563105
MSZoning_RH,4.356544466026621
Neighborhood_MeadowV,4.108831696954872
Exterior2nd_ImStucc,4.020386657595583
Condition1_Feedr,3.864397530218802
Neighborhood_BrDale,3.830931773820202
Heating_OthW,3.759333622499109
Electrical_Mix,3.7378068581946358
BsmtFinType2_BLQ,3.6528736501998886
HouseStyle_SLvl,3.5559454019311048
LotFrontage,3.5456596350486076
HeatingQC_TA,3.525574026000304
BsmtCond_Gd,3.4996440910838404
Neighborhood_NPkVill,3.4672643875510234
BedroomAbvGr,3.4371115903680205
Neighborhood_StoneBr,3.4186650560246385
BsmtCond_Po,3.267156072630287
Functional_Mod,3.2048499680747162
GarageType_CarPort,3.1929369082790986
GarageFinish_RFn,3.1341483321137273
FireplaceQu_Fa,3.0477814139971677
Condition2_PosN,3.0272141604880844
Exterior1st_BrkComm,2.9998038479959583
ExterQual_Fa,2.998229850823556
Alley_Pave,2.913048198698584
KitchenQual_Fa,2.9102878861471084
HouseStyle_SFoyer,2.8720071186243685
Condition2_RRNn,2.8701554903482673
Exterior2nd_Stone,2.856167835157021
Exterior2nd_AsphShn,2.8392274610690023
LandContour_Low,2.8173436675782244
BsmtQual_Fa,2.668677728101774
OverallCond,2.6530012470071833
Condition2_PosA,2.615750300963672
LowQualFinSF,2.568216645255282
LandContour_HLS,2.538330132530856
Fence_GdWo,2.5017419011845
Neighborhood_Veenker,2.450974909363163
FireplaceQu_Po,2.4331742055933243
WoodDeckSF,2.413402048155178
Condition1_RRAn,2.412340287637268
BsmtFinType2_GLQ,2.378072112568984
LandSlope_Sev,2.3656297538606097
BsmtExposure_Gd,2.3286521697436013
BsmtFinType1_Rec,2.2891956587914803
HouseStyle_2.5Fin,2.266262892711096
BsmtFinType1_BLQ,2.240646528316686
Exterior1st_Stone,2.234560106396039
Exterior1st_AsphShn,2.10949470745025
HeatingQC_Fa,2.1043897425282854
LotConfig_CulDSac,2.0368307459497648
Electrical_FuseP,2.020795556166653
Condition1_PosN,2.0203605284907846
BsmtExposure_Mn,2.019070689874297
Functional_Maj2,1.9972961375955771
LandSlope_Mod,1.9847692835322723
HeatingQC_Gd,1.9836346062005434
BsmtFinType1_LwQ,1.9758794215958158
ExterCond_Po,1.9490522922989868
Condition2_RRAn,1.9245816702941845
SaleCondition_Alloca,1.8077756263914677
PavedDrive_P,1.7979005117912088
HouseStyle_2.5Unf,1.7798417787431748
Condition1_RRAe,1.7554634984703514
Electrical_FuseF,1.7378825578463195
HouseStyle_1.5Unf,1.6835053470857677
SaleCondition_AdjLand,1.6441032397853348
SaleType_ConLD,1.64395860731605
Functional_Sev,1.6312473376781271
Condition1_RRNn,1.5934306470360706
Exterior1st_ImStucc,1.5368561006004908
Condition1_PosA,1.5200696982458388
Foundation_Stone,1.4903785614914007
LotConfig_FR2,1.4604017278756896
LotShape_IR3,1.4603424667909453
Neighborhood_Blueste,1.4475580861478468
SaleCondition_Family,1.4416797288747283
Fence_MnWw,1.4347056943643388
SaleType_ConLw,1.4340390085394223
Exterior2nd_Other,1.4293516721091544
LotShape_IR2,1.4225412759033818
HeatingQC_Po,1.3732580224128907
YrSold,1.353610032020285
Utilities_NoSeWa,1.3186287649178408
SaleType_ConLI,1.2992532982749934
SaleType_CWD,1.287600096313116
MoSold,1.2408789261875923
Foundation_Wood,1.2392931260287712
LotConfig_FR3,1.2287394395970723
SaleType_Oth,1.2214236695496632
SaleType_Con,1.205857832637907
Condition1_RRNe,1.1717833929690353
